Marque,Année_Velo,Kilométrage,Prix Vente (€),Prix Neuf (€),Année de la vente,Mois de la vente,Age du vélo,Décôte/neuf (%),Lien,Source,Date_Scan
Focus,2020.0,2780,1999.0,4399.0,2025.0,June,5.0,54.6,5,Sheet_Données de ventes internes,01/06/2025
O2,2022.0,3800,842.0,2399.0,2025.0,June,3.0,64.9,3,Sheet_Données de ventes internes,01/06/2025
O2,2021.0,460,988.0,2099.0,2025.0,June,4.0,52.9,4,Sheet_Données de ventes internes,01/06/2025
Fantic,2025.0,5,3299.0,5699.0,2025.0,July,0.0,42.1,0,Sheet_Données,01/07/2025
Fantic,2025.0,5,3099.0,5399.0,2025.0,July,0.0,42.6,0,Sheet_Données,01/07/2025
Cannondale,2024.0,1077,3349.0,6599.0,2025.0,July,1.0,49.2,1,Sheet_Données,01/07/2025
Fantic,2025.0,5,1638.0,4799.0,2025.0,July,0.0,65.9,0,Sheet_Données de ventes internes,01/07/2025
Fantic,2024.0,120,1624.0,4799.0,2025.0,July,1.0,66.2,1,Sheet_Données de ventes internes,01/07/2025
Fantic,2025.0,50,2699.0,4499.0,2025.0,August,0.0,40.0,0,Sheet_Données,01/08/2025
Marin,2024.0,5,1680.0,2599.0,2025.0,September,1.0,35.4,1,Sheet_Données,01/09/2025
Orbea,2022.0,896,3200.0,5699.0,2025.0,September,3.0,43.8,3,Sheet_Données,01/09/2025
Moustache,2022.0,4174,2799.0,6599.0,2025.0,September,3.0,57.6,3,Sheet_Données de ventes internes,01/09/2025
Lapierre,2020.0,1549,1799.0,3999.0,2025.0,October,5.0,55.0,5,Sheet_Données,01/10/2025
Fantic,2025.0,58,2499.0,5299.0,2025.0,October,0.0,52.8,0,Sheet_Données de ventes internes,01/10/2025
Bulls,2022.0,5,1649.0,3499.0,2025.0,November,3.0,52.9,3,Sheet_Données,01/11/2025
Bulls,2024.0,5,1849.0,3799.0,2025.0,November,1.0,51.3,1,Sheet_Données,01/11/2025
Bulls,2022.0,5,1599.0,2699.0,2025.0,November,3.0,40.8,3,Sheet_Données,01/11/2025
Bulls,2023.0,5,1949.0,4299.0,2025.0,November,2.0,54.7,2,Sheet_Données,01/11/2025
Bulls,2022.0,5,1899.0,4299.0,2025.0,November,3.0,55.8,3,Sheet_Données,01/11/2025
Cube,2018.0,780,1199.0,2799.0,2025.0,November,7.0,57.2,7,Sheet_Données,01/11/2025
Bulls,2025.0,5,1999.0,3999.0,2025.0,November,0.0,50.0,0,Sheet_Données,01/11/2025
Trek,2021.0,2733,1549.0,4199.0,2025.0,November,4.0,63.1,4,Sheet_Données,01/11/2025
Cube,2021.0,35,1599.0,2999.0,2025.0,November,4.0,46.7,4,Sheet_Données,01/11/2025
Cube,2021.0,11553,1099.0,3399.0,2025.0,November,4.0,67.7,4,Sheet_Données,01/11/2025
Mondraker,2021.0,2868,1249.0,3499.0,2025.0,November,4.0,64.3,4,Sheet_Données,01/11/2025
Bh,2019.0,1476,1749.0,4999.0,2025.0,November,6.0,65.0,6,Sheet_Données,01/11/2025
Haibike,2022.0,391,2199.0,4399.0,2025.0,November,3.0,50.0,3,Sheet_Données,01/11/2025
Trek,2022.0,3544,1549.0,3699.0,2025.0,November,3.0,58.1,3,Sheet_Données,01/11/2025
Conway,2021.0,298,2349.0,5499.0,2025.0,November,4.0,57.3,4,Sheet_Données,01/11/2025
Malaguti,2022.0,5,2299.0,4599.0,2025.0,November,3.0,50.0,3,Sheet_Données,01/11/2025
Bulls,2021.0,328,1699.0,4022.0,2025.0,November,4.0,57.8,4,Sheet_Données,01/11/2025
Carver,2025.0,24,2149.0,4199.0,2025.0,November,0.0,48.8,0,Sheet_Données,01/11/2025
Cube,2019.0,6515,1349.0,3599.0,2025.0,November,6.0,62.5,6,Sheet_Données,01/11/2025
Cube,2022.0,2135,1849.0,4034.0,2025.0,November,3.0,54.2,3,Sheet_Données,01/11/2025
Cube,2022.0,186,2449.0,4395.0,2025.0,November,3.0,44.3,3,Sheet_Données,01/11/2025
Ktm,2024.0,1777,2199.0,4199.0,2025.0,November,1.0,47.6,1,Sheet_Données,01/11/2025
Bionicon,2024.0,4046,2649.0,4799.0,2025.0,November,1.0,44.8,1,Sheet_Données,01/11/2025
2r,2024.0,678,2049.0,3800.0,2025.0,November,1.0,46.1,1,Sheet_Données,01/11/2025
Focus,2022.0,459,2849.0,6502.0,2025.0,November,3.0,56.2,3,Sheet_Données,01/11/2025
Haibike,2022.0,660,2149.0,4654.0,2025.0,November,3.0,53.8,3,Sheet_Données,01/11/2025
Malaguti,2023.0,5,2549.0,4999.0,2025.0,November,2.0,49.0,2,Sheet_Données,01/11/2025
Conway,2023.0,154,2849.0,6412.0,2025.0,November,2.0,55.6,2,Sheet_Données,01/11/2025
Bulls,2023.0,5,2499.0,6199.0,2025.0,November,2.0,59.7,2,Sheet_Données,01/11/2025
Bulls,2023.0,5,2199.0,4999.0,2025.0,November,2.0,56.0,2,Sheet_Données,01/11/2025
Bulls,2023.0,5,2149.0,4799.0,2025.0,November,2.0,55.2,2,Sheet_Données,01/11/2025
Bh,2024.0,262,2299.0,3999.0,2025.0,November,1.0,42.5,1,Sheet_Données,01/11/2025
Cube,2022.0,750,1499.0,2858.0,2025.0,November,3.0,47.6,3,Sheet_Données,01/11/2025
Scott,2022.0,7,1449.0,2799.0,2025.0,November,3.0,48.2,3,Sheet_Données,01/11/2025
Bionicon,2024.0,1101,3599.0,5939.0,2025.0,November,1.0,39.4,1,Sheet_Données,01/11/2025
Moustache,2023.0,694,3499.0,5699.0,2025.0,November,2.0,38.6,2,Sheet_Données,01/11/2025
Giant,2022.0,43,1199.0,2350.0,2025.0,November,3.0,49.0,3,Sheet_Données,01/11/2025
Cube,2022.0,7416,1749.0,4761.0,2025.0,November,3.0,63.3,3,Sheet_Données,01/11/2025
Cube,2022.0,4398,1699.0,2399.0,2025.0,November,3.0,29.2,3,Sheet_Données,01/11/2025
Moustache,2019.0,4211,949.0,2700.0,2025.0,November,6.0,64.9,6,Sheet_Données,01/11/2025
Stevens,2023.0,5,1649.0,3499.0,2025.0,November,2.0,52.9,2,Sheet_Données,01/11/2025
Carver,2025.0,5,1899.0,3700.0,2025.0,November,0.0,48.7,0,Sheet_Données,01/11/2025
Cube,2023.0,185,1749.0,3049.0,2025.0,November,2.0,42.6,2,Sheet_Données,01/11/2025
Husqvarna,2023.0,81,2249.0,4699.0,2025.0,November,2.0,52.1,2,Sheet_Données,01/11/2025
Bianchi,2022.0,3830,2349.0,4379.0,2025.0,November,3.0,46.4,3,Sheet_Données,01/11/2025
Ixgo,2024.0,5,1999.0,3900.0,2025.0,November,1.0,48.7,1,Sheet_Données,01/11/2025
Mondraker,2023.0,8358,1349.0,4585.0,2025.0,November,2.0,70.6,2,Sheet_Données,01/11/2025
Stevens,2023.0,5,1699.0,3499.0,2025.0,November,2.0,51.4,2,Sheet_Données,01/11/2025
Haibike,2022.0,2315,1399.0,3199.0,2025.0,November,3.0,56.3,3,Sheet_Données,01/11/2025
Haibike,2022.0,1948,1999.0,4599.0,2025.0,November,3.0,56.5,3,Sheet_Données,01/11/2025
Haibike,2021.0,119,1649.0,3319.0,2025.0,November,4.0,50.3,4,Sheet_Données,01/11/2025
Mondraker,2023.0,10157,1199.0,4585.0,2025.0,November,2.0,73.8,2,Sheet_Données,01/11/2025
Santa,2024.0,5,4799.0,9699.0,2025.0,November,1.0,50.5,1,Sheet_Données,01/11/2025
Santa,2022.0,7,5649.0,10699.0,2025.0,November,3.0,47.2,3,Sheet_Données,01/11/2025
Orbea,2021.0,576,2549.0,6599.0,2025.0,November,4.0,61.4,4,Sheet_Données,01/11/2025
Orbea,2021.0,1531,2299.0,6299.0,2025.0,November,4.0,63.5,4,Sheet_Données,01/11/2025
Scott,2017.0,2007,1949.0,6199.0,2025.0,November,8.0,68.6,8,Sheet_Données,01/11/2025
Orbea,2025.0,5,3049.0,6599.0,2025.0,November,0.0,53.8,0,Sheet_Données,01/11/2025
Cube,2021.0,11234,1149.0,3399.0,2025.0,November,4.0,66.2,4,Sheet_Données,01/11/2025
Bulls,2025.0,5,2549.0,5999.0,2025.0,November,0.0,57.5,0,Sheet_Données,01/11/2025
O2feel,2019.0,1319,1699.0,5000.0,2025.0,November,6.0,66.0,6,Sheet_Données,01/11/2025
O2feel,2020.0,15491,1199.0,2799.0,2025.0,November,5.0,57.2,5,Sheet_Données,01/11/2025
O2feel,2019.0,4467,1049.0,2794.0,2025.0,November,6.0,62.5,6,Sheet_Données,01/11/2025
O2feel,2020.0,1549,1549.0,3899.0,2025.0,November,5.0,60.3,5,Sheet_Données,01/11/2025
Santa,2023.0,1804,2999.0,5642.0,2025.0,November,2.0,46.8,2,Sheet_Données,01/11/2025
Santa,2024.0,2,4299.0,7959.0,2025.0,November,1.0,46.0,1,Sheet_Données,01/11/2025
Santa,2021.0,102,4999.0,9699.0,2025.0,November,4.0,48.5,4,Sheet_Données,01/11/2025
Santa,2023.0,6,3999.0,7499.0,2025.0,November,2.0,46.7,2,Sheet_Données,01/11/2025
Santa,2024.0,2,4689.0,6999.0,2025.0,November,1.0,33.0,1,Sheet_Données,01/11/2025
Santa,2024.0,789,4589.0,8500.0,2025.0,November,1.0,46.0,1,Sheet_Données,01/11/2025
Santa,2023.0,1310,3189.0,7599.0,2025.0,November,2.0,58.0,2,Sheet_Données,01/11/2025
Santa,2023.0,3060,3449.0,8599.0,2025.0,November,2.0,59.9,2,Sheet_Données,01/11/2025
Santa,2023.0,2,4049.0,8700.0,2025.0,November,2.0,53.5,2,Sheet_Données,01/11/2025
Santa,2024.0,940,6999.0,10999.0,2025.0,November,1.0,36.4,1,Sheet_Données,01/11/2025
Santa,2022.0,5,4649.0,8749.0,2025.0,November,3.0,46.9,3,Sheet_Données,01/11/2025
Santa,2022.0,22,5599.0,11149.0,2025.0,November,3.0,49.8,3,Sheet_Données,01/11/2025
Santa,2025.0,7,5349.0,9849.0,2025.0,November,0.0,45.7,0,Sheet_Données,01/11/2025
Canyon,2021.0,1731,1799.0,3647.0,2025.0,November,4.0,50.7,4,Sheet_Données,01/11/2025
Malaguti,2024.0,169,2399.0,4479.0,2025.0,November,1.0,46.4,1,Sheet_Données,01/11/2025
Lapierre,2025.0,5,3249.0,5499.0,2025.0,November,0.0,40.9,0,Sheet_Données,01/11/2025
Bergamont,2022.0,612,1799.0,3899.0,2025.0,November,3.0,53.9,3,Sheet_Données,01/11/2025
Ktm,2024.0,15,3249.0,6299.0,2025.0,November,1.0,48.4,1,Sheet_Données,01/11/2025
Conway,2023.0,1357,1249.0,3099.0,2025.0,November,2.0,59.7,2,Sheet_Données,01/11/2025
Mondraker,2022.0,1009,3149.0,5804.0,2025.0,November,3.0,45.7,3,Sheet_Données,01/11/2025
Cube,2022.0,9730,1349.0,3004.0,2025.0,November,3.0,55.1,3,Sheet_Données,01/11/2025
Moustache,2024.0,263,3099.0,6300.0,2025.0,November,1.0,50.8,1,Sheet_Données,01/11/2025
Scott,2022.0,1078,3499.0,6529.0,2025.0,November,3.0,46.4,3,Sheet_Données,01/11/2025
Haibike,2023.0,256,1799.0,3299.0,2025.0,November,2.0,45.5,2,Sheet_Données,01/11/2025
Haibike,2022.0,150,2399.0,4799.0,2025.0,November,3.0,50.0,3,Sheet_Données,01/11/2025
Rotwild,2021.0,4288,1999.0,5500.0,2025.0,November,4.0,63.7,4,Sheet_Données,01/11/2025
Rotwild,2025.0,5,4249.0,9490.0,2025.0,November,0.0,55.2,0,Sheet_Données,01/11/2025
Cube,2023.0,1574,2299.0,3912.0,2025.0,November,2.0,41.2,2,Sheet_Données,01/11/2025
Bergamont,2025.0,32,2299.0,4399.0,2025.0,November,0.0,47.7,0,Sheet_Données,01/11/2025
Cube,2022.0,1096,1949.0,3956.0,2025.0,November,3.0,50.7,3,Sheet_Données,01/11/2025
Riese,2022.0,1445,2049.0,5683.0,2025.0,November,3.0,63.9,3,Sheet_Données,01/11/2025
Electra,2021.0,522,949.0,1999.0,2025.0,November,4.0,52.5,4,Sheet_Données,01/11/2025
Specialized,2023.0,8011,1399.0,3600.0,2025.0,November,2.0,61.1,2,Sheet_Données,01/11/2025
Cube,2022.0,2558,2600.0,5499.0,2025.0,November,3.0,52.7,3,Sheet_Données de ventes internes,01/11/2025
Rockrider,2022.0,272,949.0,1185.0,2025.0,November,3.0,19.9,3,Sheet_Données,01/11/2025
Bulls,2017.0,415,949.0,3199.0,2025.0,November,8.0,70.3,8,Sheet_Données,01/11/2025
Cube,2022.0,9730,1299.0,3004.0,2025.0,November,3.0,56.8,3,Sheet_Données,01/11/2025
Decathlon,2024.0,3655,749.0,1399.0,2025.0,November,1.0,46.5,1,Sheet_Données,01/11/2025
Pivot,2021.0,5,5749.0,11899.0,2025.0,November,4.0,51.7,4,Sheet_Données,01/11/2025
Pivot,2022.0,5,6399.0,11999.0,2025.0,November,3.0,46.7,3,Sheet_Données,01/11/2025
Pivot,2023.0,3300,4499.0,11999.0,2025.0,November,2.0,62.5,2,Sheet_Données,01/11/2025
Decathlon,2022.0,1301,1249.0,2499.0,2025.0,November,3.0,50.0,3,Sheet_Données,01/11/2025
Gt,2019.0,375,1399.0,3700.0,2025.0,November,6.0,62.2,6,Sheet_Données,01/11/2025
Decathlon,2024.0,624,2249.0,3499.0,2025.0,November,1.0,35.7,1,Sheet_Données,01/11/2025
Rossignol,2020.0,1610,1349.0,3899.0,2025.0,November,5.0,65.4,5,Sheet_Données,01/11/2025
Canyon,2021.0,2648,1499.0,3200.0,2025.0,November,4.0,53.2,4,Sheet_Données,01/11/2025
Pivot,2022.0,4474,4089.0,10000.0,2025.0,November,3.0,59.1,3,Sheet_Données,01/11/2025
Liv,2022.0,372,1099.0,2199.0,2025.0,November,3.0,50.0,3,Sheet_Données,01/11/2025
Haibike,2021.0,3294,1199.0,2999.0,2025.0,November,4.0,60.0,4,Sheet_Données,01/11/2025
Trek,2022.0,4207,2249.0,7399.0,2025.0,November,3.0,69.6,3,Sheet_Données,01/11/2025
Bulls,2023.0,5,2049.0,4599.0,2025.0,November,2.0,55.4,2,Sheet_Données,01/11/2025
Bulls,2023.0,5,1549.0,3199.0,2025.0,November,2.0,51.6,2,Sheet_Données,01/11/2025
Rotwild,2025.0,5,4499.0,9490.0,2025.0,November,0.0,52.6,0,Sheet_Données,01/11/2025
Rotwild,2025.0,5,3849.0,7999.0,2025.0,November,0.0,51.9,0,Sheet_Données,01/11/2025
Orbea,2023.0,322,2949.0,5299.0,2025.0,November,2.0,44.3,2,Sheet_Données,01/11/2025
Rotwild,2025.0,5,4299.0,9490.0,2025.0,November,0.0,54.7,0,Sheet_Données,01/11/2025
Rotwild,2020.0,3044,2499.0,6499.0,2025.0,November,5.0,61.5,5,Sheet_Données,01/11/2025
Ktm,2021.0,308,1949.0,3699.0,2025.0,November,4.0,47.3,4,Sheet_Données,01/11/2025
Stevens,2023.0,2670,2599.0,6599.0,2025.0,November,2.0,60.6,2,Sheet_Données,01/11/2025
Orbea,2022.0,11,3549.0,6200.0,2025.0,November,3.0,42.8,3,Sheet_Données,01/11/2025
Kalkhoff,2025.0,1483,1399.0,2999.0,2025.0,November,0.0,53.4,0,Sheet_Données,01/11/2025
Cube,2024.0,457,2349.0,4141.0,2025.0,November,1.0,43.3,1,Sheet_Données,01/11/2025
Haibike,2023.0,5,2399.0,4499.0,2025.0,November,2.0,46.7,2,Sheet_Données,01/11/2025
Haibike,2022.0,7,3199.0,5599.0,2025.0,November,3.0,42.9,3,Sheet_Données,01/11/2025
Cube,2024.0,300,2949.0,5384.0,2025.0,November,1.0,45.2,1,Sheet_Données,01/11/2025
Cube,2022.0,140,2599.0,4958.0,2025.0,November,3.0,47.6,3,Sheet_Données,01/11/2025
Lapierre,2017.0,1862,1149.0,3599.0,2025.0,November,8.0,68.1,8,Sheet_Données,01/11/2025
Trek,2020.0,326,1599.0,4999.0,2025.0,November,5.0,68.0,5,Sheet_Données,01/11/2025
Focus,2023.0,11,2449.0,4599.0,2025.0,November,2.0,46.7,2,Sheet_Données,01/11/2025
Focus,2024.0,5,2499.0,4599.0,2025.0,November,1.0,45.7,1,Sheet_Données,01/11/2025
Focus,2024.0,5,2999.0,5799.0,2025.0,November,1.0,48.3,1,Sheet_Données,01/11/2025
Cube,2022.0,6388,1149.0,3192.0,2025.0,November,3.0,64.0,3,Sheet_Données,01/11/2025
Cube,2022.0,2136,2499.0,5019.0,2025.0,November,3.0,50.2,3,Sheet_Données,01/11/2025
Cube,2022.0,9796,1049.0,3039.0,2025.0,November,3.0,65.5,3,Sheet_Données,01/11/2025
Cube,2022.0,767,2099.0,3899.0,2025.0,November,3.0,46.2,3,Sheet_Données,01/11/2025
Cube,2018.0,213,1499.0,3299.0,2025.0,November,7.0,54.6,7,Sheet_Données,01/11/2025
Haibike,2021.0,230,2049.0,4777.0,2025.0,November,4.0,57.1,4,Sheet_Données,01/11/2025
Haibike,2021.0,162,1399.0,3499.0,2025.0,November,4.0,60.0,4,Sheet_Données,01/11/2025
Haibike,2021.0,669,1299.0,2889.0,2025.0,November,4.0,55.0,4,Sheet_Données,01/11/2025
Haibike,2023.0,5,3199.0,6599.0,2025.0,November,2.0,51.5,2,Sheet_Données,01/11/2025
Giant,2024.0,147,999.0,1875.0,2025.0,November,1.0,46.7,1,Sheet_Données,01/11/2025
Giant,2020.0,197,1299.0,3060.0,2025.0,November,5.0,57.5,5,Sheet_Données,01/11/2025
Ghost,2021.0,1252,1349.0,3199.0,2025.0,November,4.0,57.8,4,Sheet_Données,01/11/2025
Cube,2018.0,4506,799.0,2099.0,2025.0,November,7.0,61.9,7,Sheet_Données,01/11/2025
Cube,2021.0,349,2099.0,4125.0,2025.0,November,4.0,49.1,4,Sheet_Données,01/11/2025
Cube,2023.0,3587,1599.0,3349.0,2025.0,November,2.0,52.3,2,Sheet_Données,01/11/2025
Cube,2024.0,5,2449.0,4399.0,2025.0,November,1.0,44.3,1,Sheet_Données,01/11/2025
Cube,2024.0,1093,2099.0,3349.0,2025.0,November,1.0,37.3,1,Sheet_Données,01/11/2025
Carver,2025.0,5,1949.0,3700.0,2025.0,November,0.0,47.3,0,Sheet_Données,01/11/2025
Carver,2025.0,5,1649.0,3000.0,2025.0,November,0.0,45.0,0,Sheet_Données,01/11/2025
Cannondale,2017.0,1049,1199.0,3599.0,2025.0,November,8.0,66.7,8,Sheet_Données,01/11/2025
Trek,2020.0,3057,1699.0,4999.0,2025.0,November,5.0,66.0,5,Sheet_Données,01/11/2025
Cube,2023.0,2968,1499.0,3249.0,2025.0,November,2.0,53.9,2,Sheet_Données,01/11/2025
Cube,2023.0,1607,1449.0,3000.0,2025.0,November,2.0,51.7,2,Sheet_Données,01/11/2025
Bulls,2020.0,1 470,1949.0,6499.0,2025.0,November,5.0,70.0,5,Sheet_Données,01/11/2025
Orbea,2024.0,7,2599.0,4999.0,2025.0,November,1.0,48.0,1,Sheet_Données,01/11/2025
Orbea,2024.0,1050,3499.0,9399.0,2025.0,November,1.0,62.8,1,Sheet_Données,01/11/2025
Orbea,2018.0,1436,949.0,2500.0,2025.0,November,7.0,62.0,7,Sheet_Données,01/11/2025
Moustache,2019.0,4211,999.0,2700.0,2025.0,November,6.0,63.0,6,Sheet_Données,01/11/2025
Moustache,2025.0,832,2649.0,4999.0,2025.0,November,0.0,47.0,0,Sheet_Données,01/11/2025
Moustache,2020.0,3572,2099.0,5999.0,2025.0,November,5.0,65.0,5,Sheet_Données,01/11/2025
Moustache,2022.0,1130,2699.0,6199.0,2025.0,November,3.0,56.5,3,Sheet_Données,01/11/2025
Moustache,2022.0,3543,2949.0,7899.0,2025.0,November,3.0,62.7,3,Sheet_Données,01/11/2025
Moustache,2023.0,7255,1149.0,3499.0,2025.0,November,2.0,67.2,2,Sheet_Données,01/11/2025
Orbea,2021.0,3749,2599.0,9275.0,2025.0,November,4.0,72.0,4,Sheet_Données,01/11/2025
Trek,2019.0,139,1449.0,3199.0,2025.0,November,6.0,54.7,6,Sheet_Données,01/11/2025
Trek,2022.0,6,3899.0,6899.0,2025.0,November,3.0,43.5,3,Sheet_Données,01/11/2025
Trek,2019.0,780,1599.0,5256.0,2025.0,November,6.0,69.6,6,Sheet_Données,01/11/2025
Scott,2023.0,1659,3949.0,8140.0,2025.0,November,2.0,51.5,2,Sheet_Données,01/11/2025
Riese,2024.0,73,2799.0,4899.0,2025.0,November,1.0,42.9,1,Sheet_Données,01/11/2025
Raymon,2022.0,7826,849.0,2689.0,2025.0,November,3.0,68.4,3,Sheet_Données,01/11/2025
Orbea,2023.0,1014,2799.0,6999.0,2025.0,November,2.0,60.0,2,Sheet_Données,01/11/2025
Moustache,2020.0,10271,1449.0,4599.0,2025.0,November,5.0,68.5,5,Sheet_Données,01/11/2025
Moustache,2019.0,2221,2699.0,8599.0,2025.0,November,6.0,68.6,6,Sheet_Données,01/11/2025
Lapierre,2019.0,3634,1299.0,3599.0,2025.0,November,6.0,63.9,6,Sheet_Données,01/11/2025
Lapierre,2018.0,15110,1099.0,2500.0,2025.0,November,7.0,56.0,7,Sheet_Données,01/11/2025
Merida,2021.0,5,1899.0,3949.0,2025.0,November,4.0,51.9,4,Sheet_Données,01/11/2025
Haibike,2022.0,452,3349.0,7500.0,2025.0,November,3.0,55.3,3,Sheet_Données,01/11/2025
Moustache,2018.0,1946,1999.0,5900.0,2025.0,November,7.0,66.1,7,Sheet_Données,01/11/2025
Moustache,2016.0,2425,1099.0,4219.0,2025.0,November,9.0,74.0,9,Sheet_Données,01/11/2025
Moustache,2018.0,5573,1649.0,5999.0,2025.0,November,7.0,72.5,7,Sheet_Données,01/11/2025
Moustache,2022.0,1457,2549.0,5299.0,2025.0,November,3.0,51.9,3,Sheet_Données,01/11/2025
Moustache,2023.0,2 239,2649.0,5599.0,2025.0,November,2.0,52.7,2,Sheet_Données,01/11/2025
Moustache,2019.0,1 333,1799.0,4100.0,2025.0,November,6.0,56.1,6,Sheet_Données,01/11/2025
Moustache,2022.0,5 002,2649.0,5699.0,2025.0,November,3.0,53.5,3,Sheet_Données,01/11/2025
Mondraker,2023.0,9595,1299.0,4585.0,2025.0,November,2.0,71.7,2,Sheet_Données,01/11/2025
Moustache,2020.0,6002,1649.0,4799.0,2025.0,November,5.0,65.6,5,Sheet_Données,01/11/2025
Mondraker,2018.0,759,1349.0,3699.0,2025.0,November,7.0,63.5,7,Sheet_Données,01/11/2025
Conor,2025.0,404,2249.0,3899.0,2025.0,December,0.0,42.3,0,Sheet_Données,01/12/2025
Orbea,2019.0,1488,1099.0,2500.0,2025.0,December,6.0,56.0,6,Sheet_Données,01/12/2025
Corratec,2025.0,5,2399.0,4999.0,2025.0,December,0.0,52.0,0,Sheet_Données,01/12/2025
Scott,2021.0,6846,1849.0,4699.0,2025.0,December,4.0,60.7,4,Sheet_Données,01/12/2025
Bulls,2023.0,5,2349.0,5999.0,2025.0,December,2.0,60.8,2,Sheet_Données,01/12/2025
Haibike,2018.0,426,1549.0,4299.0,2025.0,December,7.0,64.0,7,Sheet_Données,01/12/2025
Gitane,2025.0,113,1099.0,2299.0,2025.0,December,0.0,52.2,0,Sheet_Données,01/12/2025
Lombardo,2025.0,5,1849.0,3819.0,2025.0,December,0.0,51.6,0,Sheet_Données,01/12/2025
Giant,2025.0,143,1749.0,3559.0,2025.0,December,0.0,50.9,0,Sheet_Données,01/12/2025
Rotwild,2020.0,3044,2249.0,6499.0,2025.0,December,5.0,65.4,5,Sheet_Données,01/12/2025
Focus,2023.0,76,2099.0,3899.0,2025.0,December,2.0,46.2,2,Sheet_Données,01/12/2025
Orbea,2025.0,5,2049.0,3899.0,2025.0,December,0.0,47.4,0,Sheet_Données,01/12/2025
Gitane,2017.0,296,799.0,2599.0,2025.0,December,8.0,69.3,8,Sheet_Données,01/12/2025
Lapierre,2017.0,2404,2199.0,5500.0,2025.0,December,8.0,60.0,8,Sheet_Données,01/12/2025
Bergamont,2021.0,2121,1749.0,4929.0,2025.0,December,4.0,64.5,4,Sheet_Données,01/12/2025
Kellys,2024.0,1450,1749.0,3399.0,2025.0,December,1.0,48.5,1,Sheet_Données,01/12/2025
Bh,2019.0,2502,2049.0,7990.0,2025.0,December,6.0,74.4,6,Sheet_Données,01/12/2025
Haibike,2021.0,1023,1200.0,3299.0,2025.0,December,4.0,63.6,4,Sheet_Données de ventes internes,01/12/2025
Neomouv,2024.0,575,406.0,1849.0,2025.0,December,1.0,78.0,1,Sheet_Données de ventes internes,01/12/2025
Fantic,2024.0,136,1949.0,5299.0,2025.0,December,1.0,63.2,1,Sheet_Données de ventes internes,01/12/2025
Megamo,2021.0,538,1449.0,2699.0,2025.0,December,4.0,46.3,4,Sheet_Données,01/12/2025
Jeep,2022.0,4401,899.0,2354.0,2025.0,December,3.0,61.8,3,Sheet_Données,01/12/2025
Cube,2024.0,11,1599.0,2799.0,2025.0,December,1.0,42.9,1,Sheet_Données,01/12/2025
Haibike,2025.0,5,2449.0,4999.0,2025.0,December,0.0,51.0,0,Sheet_Données,01/12/2025
Cube,2021.0,2844,3149.0,8900.0,2026.0,January,5.0,64.6,5,Sheet_Données Mint Bikes,01/01/2026
Cannondale,2025.0,2,4049.0,6999.0,2026.0,January,1.0,42.1,1,Sheet_Données Mint Bikes,01/01/2026
Haibike,2023.0,217,3399.0,4199.0,2026.0,January,3.0,19.1,3,Sheet_Données Mint Bikes,01/01/2026
Haibike,2022.0,629,3349.0,8799.0,2026.0,January,4.0,61.9,4,Sheet_Données Mint Bikes,01/01/2026
Giant,2022.0,200,2649.0,6100.0,2026.0,January,4.0,56.6,4,Sheet_Données Mint Bikes,01/01/2026
Giant,2023.0,2493,2749.0,6100.0,2026.0,January,3.0,54.9,3,Sheet_Données Mint Bikes,01/01/2026
Haibike,2021.0,1748,1249.0,2899.0,2026.0,January,5.0,56.9,5,Sheet_Données Mint Bikes,01/01/2026
Specialized,2022.0,1565,3549.0,10214.0,2026.0,January,4.0,65.3,4,Sheet_Données Mint Bikes,01/01/2026
Megamo,2023.0,2,1539.0,2599.0,2026.0,January,3.0,40.8,3,Sheet_Données Mint Bikes,01/01/2026
Cannondale,2022.0,5944,3249.0,6599.0,2026.0,January,4.0,50.8,4,Sheet_Données Mint Bikes,01/01/2026
O2feel,2019.0,4182,1249.0,3999.0,2026.0,January,7.0,68.8,7,Sheet_Données de ventes internes,01/01/2026
Cannondale,2021.0,6452,2749.0,6600.0,2026.0,January,5.0,58.3,5,Sheet_Données Mint Bikes,01/01/2026
Haibike,2021.0,863,1499.0,3399.0,2026.0,January,5.0,55.9,5,Sheet_Données,01/01/2026
Haibike,2026.0,43,2599.0,4999.0,2026.0,January,0.0,48.0,0,Sheet_Données de ventes internes,01/01/2026
Cannondale,2025.0,2,2539.0,5499.0,2026.0,January,1.0,53.8,1,Sheet_Données Mint Bikes,01/01/2026
Giant,2020.0,830,1199.0,3388.0,2026.0,January,6.0,64.6,6,Sheet_Données Mint Bikes,01/01/2026
Cube,2024.0,235,4449.0,9099.0,2026.0,January,2.0,51.1,2,Sheet_Données Mint Bikes,01/01/2026
Cannondale,2020.0,445,2449.0,5299.0,2026.0,January,6.0,53.8,6,Sheet_Données Mint Bikes,01/01/2026
Giant,2022.0,626,999.0,2500.0,2026.0,January,4.0,60.0,4,Sheet_Données Mint Bikes,01/01/2026
Giant,2023.0,3059,3049.0,6100.0,2026.0,January,3.0,50.0,3,Sheet_Données Mint Bikes,01/01/2026
Specialized,2023.0,362,3339.0,6599.0,2026.0,January,3.0,49.4,3,Sheet_Données Mint Bikes,01/01/2026
Scott,2022.0,189,3049.0,5999.0,2026.0,January,4.0,49.2,4,Sheet_Données Mint Bikes,01/01/2026
Conway,2022.0,900,2499.0,5955.0,2026.0,January,4.0,58.0,4,Sheet_Données,01/01/2026
Haibike,2022.0,629,3149.0,8799.0,2026.0,January,4.0,64.2,4,Sheet_Données Mint Bikes,01/01/2026
Specialized,2022.0,587,3639.0,10000.0,2026.0,January,4.0,63.6,4,Sheet_Données Mint Bikes,01/01/2026
Bh,2023.0,1500,3599.0,9799.0,2026.0,January,3.0,63.3,3,Sheet_Données Mint Bikes,01/01/2026
Mondraker,2023.0,1927,2999.0,6599.0,2026.0,January,3.0,54.6,3,Sheet_Données Mint Bikes,01/01/2026
Bh,2025.0,2,1699.0,1999.0,2026.0,January,1.0,15.0,1,Sheet_Données Mint Bikes,01/01/2026
Cube,2025.0,2916,1799.0,3644.0,2026.0,January,1.0,50.6,1,Sheet_Données,01/01/2026
Liv,2025.0,344,1649.0,2499.0,2026.0,January,1.0,34.0,1,Sheet_Données,01/01/2026
Axess,2025.0,9253,1299.0,3380.0,2026.0,January,1.0,61.6,1,Sheet_Données,01/01/2026
Focus,2025.0,5,2149.0,4599.0,2026.0,January,1.0,53.3,1,Sheet_Données,01/01/2026
Fantic,2022.0,5,2199.0,5590.0,2026.0,January,4.0,60.7,4,Sheet_Données,01/01/2026
Moustache,2021.0,1487,2300.0,5499.0,2026.0,January,5.0,58.2,5,Sheet_Données de ventes internes,01/01/2026
Cannondale,2021.0,5,2449.0,5199.0,2026.0,January,5.0,52.9,5,Sheet_Données,01/01/2026
Corratec,2022.0,5,2249.0,4999.0,2026.0,January,4.0,55.0,4,Sheet_Données,01/01/2026
Scott,2020.0,5005,1649.0,5499.0,2026.0,January,6.0,70.0,6,Sheet_Données,01/01/2026
Husqvarna,2022.0,5,2399.0,4999.0,2026.0,January,4.0,52.0,4,Sheet_Données,01/01/2026
Bulls,2025.0,1143,1449.0,3190.0,2026.0,January,1.0,54.6,1,Sheet_Données,01/01/2026
Cube,2022.0,294,2149.0,3799.0,2026.0,January,4.0,43.4,4,Sheet_Données,01/01/2026
Bmc,2019.0,1790,2299.0,5900.0,2026.0,January,7.0,61.0,7,Sheet_Données,01/01/2026
Giant,2022.0,200,2449.0,6100.0,2026.0,February,4.0,59.9,4,Sheet_Données Mint Bikes,01/02/2026
Megamo,2025.0,2,1499.0,2399.0,2026.0,February,1.0,37.5,1,Sheet_Données Mint Bikes,01/02/2026
Megamo,2025.0,2,4499.0,6999.0,2026.0,February,1.0,35.7,1,Sheet_Données Mint Bikes,01/02/2026
Bh,2022.0,1500,3139.0,7649.0,2026.0,February,4.0,59.0,4,Sheet_Données Mint Bikes,01/02/2026
Cannondale,2021.0,6452,2599.0,6600.0,2026.0,February,5.0,60.6,5,Sheet_Données Mint Bikes,01/02/2026
Cannondale,2020.0,445,2499.0,5299.0,2026.0,February,6.0,52.8,6,Sheet_Données Mint Bikes,01/02/2026
Bh,2023.0,1500,3699.0,9799.0,2026.0,February,3.0,62.3,3,Sheet_Données Mint Bikes,01/02/2026
Cannondale,2025.0,2,3949.0,6999.0,2026.0,February,1.0,43.6,1,Sheet_Données Mint Bikes,01/02/2026
Santa,2024.0,195,3399.0,8500.0,2026.0,February,2.0,60.0,2,Sheet_Données Mint Bikes,01/02/2026
Bh,2023.0,437,3639.0,8699.0,2026.0,February,3.0,58.2,3,Sheet_Données Mint Bikes,01/02/2026
Giant,2022.0,4841,2699.0,6150.0,2026.0,February,4.0,56.1,4,Sheet_Données Mint Bikes,01/02/2026
Bh,2023.0,2000,3722.0,9499.0,2026.0,February,3.0,60.8,3,Sheet_Données Mint Bikes,01/02/2026
Giant,2022.0,1130,2899.0,7800.0,2026.0,February,4.0,62.8,4,Sheet_Données de ventes internes,01/02/2026
O2feel,2021.0,1036,1099.0,3199.0,2026.0,February,5.0,65.6,5,Sheet_Données de ventes internes,01/02/2026
Bh,2023.0,427,3849.0,9800.0,2026.0,February,3.0,60.7,3,Sheet_Données Mint Bikes,01/02/2026
Trek,2025.0,15,3049.0,4599.0,2026.0,February,1.0,33.7,1,Sheet_Données Mint Bikes,01/02/2026
Megamo,2023.0,2,1439.0,2599.0,2026.0,February,3.0,44.6,3,Sheet_Données Mint Bikes,01/02/2026
Bh,2023.0,1253,3299.0,9799.0,2026.0,February,3.0,66.3,3,Sheet_Données Mint Bikes,01/02/2026
Rocky,2021.0,7000,2999.0,9499.0,2026.0,February,5.0,68.4,5,Sheet_Données Mint Bikes,01/02/2026
Cannondale,2025.0,2,2639.0,5499.0,2026.0,February,1.0,52.0,1,Sheet_Données Mint Bikes,01/02/2026
Bh,2022.0,1500,3039.0,7649.0,2026.0,February,4.0,60.3,4,Sheet_Données Mint Bikes,01/02/2026
Orbea,2022.0,3429,3000.0,6199.0,2026.0,February,4.0,51.6,4,Sheet_Données Mint Bikes,01/02/2026
Orbea,2022.0,289,3199.0,7899.0,2026.0,February,4.0,59.5,4,Sheet_Données Mint Bikes,01/02/2026
Mondraker,2024.0,94,4349.0,11999.0,2026.0,February,2.0,63.8,2,Sheet_Données Mint Bikes,01/02/2026
Megamo,2023.0,2,1489.0,2599.0,2026.0,February,3.0,42.7,3,Sheet_Données Mint Bikes,01/02/2026
Cannondale,2020.0,445,2549.0,5299.0,2026.0,February,6.0,51.9,6,Sheet_Données Mint Bikes,01/02/2026
Nakamura,2022.0,434,749.0,1099.0,2026.0,February,4.0,31.8,4,Sheet_Données,01/02/2026
Cube,2018.0,3040,1749.0,3199.0,2026.0,February,8.0,45.3,8,Sheet_Données,01/02/2026
Giant,2019.0,2386,2149.0,6299.0,2026.0,February,7.0,65.9,7,Sheet_Données,01/02/2026
Ktm,2018.0,733,1549.0,3999.0,2026.0,February,8.0,61.3,8,Sheet_Données,01/02/2026
Cube,2021.0,214,1899.0,3099.0,2026.0,February,5.0,38.7,5,Sheet_Données,01/02/2026
Decathlon,2022.0,660,849.0,1500.0,2026.0,February,4.0,43.4,4,Sheet_Données,01/02/2026
Cube,2021.0,1401,2399.0,3999.0,2026.0,February,5.0,40.0,5,Sheet_Données,01/02/2026
Trek,2021.0,2453,1399.0,3799.0,2026.0,February,5.0,63.2,5,Sheet_Données,01/02/2026
Cube,2018.0,3556,1349.0,3199.0,2026.0,February,8.0,57.8,8,Sheet_Données,01/02/2026
Orbea,2021.0,6473,1849.0,5199.0,2026.0,February,5.0,64.4,5,Sheet_Données,01/02/2026
Cube,2020.0,593,2399.0,4386.0,2026.0,February,6.0,45.3,6,Sheet_Données,01/02/2026
Nakamura,2025.0,189,1149.0,1599.0,2026.0,February,1.0,28.1,1,Sheet_Données,01/02/2026
Moustache,2021.0,1821,2699.0,4999.0,2026.0,February,5.0,46.0,5,Sheet_Données Mint Bikes,01/02/2026
Bulls,2021.0,1642,1049.0,2629.0,2026.0,February,5.0,60.1,5,Sheet_Données,01/02/2026
Cube,2021.0,1308,2199.0,3999.0,2026.0,February,5.0,45.0,5,Sheet_Données,01/02/2026
Bh,2024.0,2,1379.0,1849.0,2026.0,March,2.0,25.4,2,Sheet_Données Mint Bikes,01/03/2026
Haibike,2021.0,1748,1149.0,2899.0,2026.0,March,5.0,60.4,5,Sheet_Données Mint Bikes,01/03/2026
Megamo,2023.0,2,999.0,2199.0,2026.0,March,3.0,54.6,3,Sheet_Données Mint Bikes,01/03/2026
Mondraker,2022.0,2436,3799.0,8699.0,2026.0,March,4.0,56.3,4,Sheet_Données Mint Bikes,01/03/2026
Lapierre,2024.0,221,3299.0,6199.0,2026.0,March,2.0,46.8,2,Sheet_Données Mint Bikes,01/03/2026
Cube,2020.0,1618,2329.0,5019.0,2026.0,March,6.0,53.6,6,Sheet_Données Mint Bikes,01/03/2026
Megamo,2025.0,2,3699.0,4799.0,2026.0,March,1.0,22.9,1,Sheet_Données Mint Bikes,01/03/2026
Specialized,2021.0,282,3299.0,8500.0,2026.0,March,5.0,61.2,5,Sheet_Données Mint Bikes,01/03/2026
Bh,2022.0,1500,2849.0,9099.0,2026.0,March,4.0,68.7,4,Sheet_Données Mint Bikes,01/03/2026
Bh,2022.0,1500,3029.0,7649.0,2026.0,March,4.0,60.4,4,Sheet_Données Mint Bikes,01/03/2026
Bh,2024.0,2,1279.0,1849.0,2026.0,March,2.0,30.8,2,Sheet_Données Mint Bikes,01/03/2026
Cube,2025.0,900,3149.0,4599.0,2026.0,March,1.0,31.5,1,Sheet_Données Mint Bikes,01/03/2026
Orbea,2021.0,5929,2000.0,7299.0,2026.0,March,5.0,72.6,5,Sheet_Données de ventes internes,01/03/2026
Marin,2025.0,1,899.0,999.0,2026.0,March,1.0,10.0,1,Sheet_Données de ventes internes,01/03/2026
Marin,2025.0,3,2699.0,5499.0,2026.0,March,1.0,50.9,1,Sheet_Données de ventes internes,01/03/2026
Cube,2023.0,4847,2500.0,5299.0,2026.0,March,3.0,52.8,3,Sheet_Données de ventes internes,01/03/2026
Scott,2023.0,4408,2899.0,6999.0,2026.0,March,3.0,58.6,3,Sheet_Données Mint Bikes,01/03/2026
Moustache,2023.0,661,3249.0,5299.0,2026.0,March,3.0,38.7,3,Sheet_Données Mint Bikes,01/03/2026
Specialized,2023.0,2049,3799.0,14000.0,2026.0,March,3.0,72.9,3,Sheet_Données Mint Bikes,01/03/2026
Cannondale,2024.0,70,2749.0,4899.0,2026.0,March,2.0,43.9,2,Sheet_Données Mint Bikes,01/03/2026
Bh,2023.0,2000,3622.0,9499.0,2026.0,March,3.0,61.9,3,Sheet_Données Mint Bikes,01/03/2026
Bh,2026.0,2,1549.0,1999.0,2026.0,March,0.0,22.5,0,Sheet_Données Mint Bikes,01/03/2026
Cube,2022.0,3299,3399.0,7099.0,2026.0,March,4.0,52.1,4,Sheet_Données Mint Bikes,01/03/2026
Bh,2025.0,2,3799.0,6999.0,2026.0,March,1.0,45.7,1,Sheet_Données Mint Bikes,01/03/2026
Focus,2023.0,556,1629.0,3899.0,2026.0,March,3.0,58.2,3,Sheet_Données Mint Bikes,01/03/2026
Merida,2022.0,830,3999.0,6860.0,2026.0,March,4.0,41.7,4,Sheet_Données Mint Bikes,01/03/2026
Conor,2021.0,11380,849.0,2550.0,2026.0,March,5.0,66.7,5,Sheet_Données,01/03/2026
Cube,2020.0,1239,1999.0,3599.0,2026.0,March,6.0,44.5,6,Sheet_Données,01/03/2026
Haibike,2020.0,373,1849.0,3999.0,2026.0,March,6.0,53.8,6,Sheet_Données,01/03/2026
Mondraker,2021.0,539,2049.0,4199.0,2026.0,March,5.0,51.2,5,Sheet_Données,01/03/2026
Moustache,2020.0,7194,2199.0,5899.0,2026.0,March,6.0,62.7,6,Sheet_Données,01/03/2026
Rocky,2020.0,3002,2099.0,5800.0,2026.0,March,6.0,63.8,6,Sheet_Données,01/03/2026
Megamo,2025.0,2,4599.0,6999.0,2026.0,March,1.0,34.3,1,Sheet_Données Mint Bikes,01/03/2026
Megamo,2024.0,2,1099.0,1999.0,2026.0,March,2.0,45.0,2,Sheet_Données Mint Bikes,01/03/2026
Cube,2020.0,2523,2249.0,4200.0,2026.0,March,6.0,46.5,6,Sheet_Données,01/03/2026
Specialized,2017.0,882,1849.0,5199.0,2026.0,March,9.0,64.4,9,Sheet_Données,01/03/2026
Liv,2022.0,261,1939.0,4799.0,2026.0,March,4.0,59.6,4,Sheet_Données Mint Bikes,01/03/2026
Lapierre,2024.0,945,3300.0,7399.0,2026.0,April,2.0,55.4,2,Sheet_Données de ventes internes,01/04/2026
Cube,2019.0,2959,2399.0,4899.0,2026.0,April,7.0,51.0,7,Sheet_Données,01/04/2026
Cube,2018.0,3012,1899.0,4099.0,2026.0,April,8.0,53.7,8,Sheet_Données,01/04/2026
Mondraker,2021.0,1254,2349.0,5499.0,2026.0,April,5.0,57.3,5,Sheet_Données,01/04/2026
Lapierre,2025.0,12,4465.0,9500.0,2026.0,April,1.0,53.0,https://rutile.bike/products/lapierre-ezesty-am-9-4,Rutile,13/04/2026
Conway,2022.0,0,5310.0,9000.0,2026.0,April,4.0,41.0,https://rutile.bike/products/conway-xyron-s-9-9-mx-carbon-1,Rutile,13/04/2026
Mondraker,2024.0,28,4929.0,8499.0,2026.0,April,2.0,42.0,https://rutile.bike/products/mondraker-neat-r,Rutile,13/04/2026
Lapierre,2024.0,427,3915.0,8699.0,2026.0,April,2.0,55.0,https://rutile.bike/products/lapierre-e-zesty-am-ltd-1,Rutile,13/04/2026
Trek,2024.0,519,3479.0,5999.0,2026.0,April,2.0,42.0,https://rutile.bike/products/trek-rail7-deore-xt-eu-l-dark,Rutile,13/04/2026
Mondraker,2023.0,235,3943.0,6799.0,2026.0,April,3.0,42.0,https://rutile.bike/products/mondraker-dusk-r,Rutile,13/04/2026
Ghost,2023.0,794,4349.0,7499.0,2026.0,April,3.0,42.0,https://rutile.bike/products/ghost-e-riot-am-universal,Rutile,13/04/2026
Vtt,2024.0,2323,6125.0,12500.0,2026.0,April,2.0,51.0,https://rutile.bike/products/vtt-electrique-enduro-bosch-lapierre-overvolt-glp-team-40m-race,Rutile,13/04/2026
Focus,2024.0,0,3659.0,6099.0,2026.0,April,2.0,40.0,https://rutile.bike/products/focus-thron-6-14,Rutile,13/04/2026
Conway,2024.0,0,3540.0,6000.0,2026.0,April,2.0,41.0,https://rutile.bike/products/conway-ryvon-st-4-0-l,Rutile,13/04/2026
Mondraker,2024.0,2132,2240.0,3500.0,2026.0,April,2.0,36.0,https://rutile.bike/products/mondraker-prime-29,Rutile,13/04/2026
Haibike,2022.0,0,3179.0,5299.0,2026.0,April,4.0,40.0,https://rutile.bike/products/haibike-alltrail-29-7-i630-12-g-sx-eagle22-metal-caramel-m-1,Rutile,13/04/2026
Ktm,2024.0,926,4129.0,6999.0,2026.0,April,2.0,41.0,https://rutile.bike/products/ktm-macina-kapoho-7975,Rutile,13/04/2026
Ghost,2024.0,437,3450.0,7499.0,2026.0,April,2.0,54.0,https://rutile.bike/products/ghost-path-riot-vtt-electrique-tout-suspendu,Rutile,13/04/2026
Ktm,2023.0,1647,2469.0,3799.0,2026.0,April,3.0,35.0,https://rutile.bike/products/ktm-macina-team-691,Rutile,13/04/2026
Carver,2025.0,886,2477.0,4199.0,2026.0,April,1.0,41.0,https://rutile.bike/products/carver-drift-e-510-copie,Rutile,13/04/2026
Haibike,2025.0,226,4452.0,7299.0,2026.0,April,1.0,39.0,https://rutile.bike/products/haibike-allmtn-10-i720-12-g-xt22-yx3x-black_ink-m,Rutile,13/04/2026
Conway,2023.0,182,5900.0,10000.0,2026.0,April,3.0,41.0,https://rutile.bike/products/conway-xyron-s-9-9-mx-carbon,Rutile,13/04/2026
Haibike,2024.0,368,5880.0,12000.0,2026.0,April,2.0,51.0,https://rutile.bike/products/haibike-lyke-cf-se-i430wh-12-g-xtr23-fr6r-navy-bronze-gr-l,Rutile,13/04/2026
Focus,2024.0,0,3464.0,5499.0,2026.0,April,2.0,37.0,https://rutile.bike/products/focus-jam-6-7-29di-1,Rutile,13/04/2026
Corratec,2024.0,624,2988.0,4899.0,2026.0,April,2.0,39.0,https://rutile.bike/products/corratec-mtc-120,Rutile,13/04/2026
Moustache,2021.0,3900,2474.0,4499.0,2026.0,April,5.0,45.0,https://rutile.bike/products/moustache-samedi-27-wide-2,Rutile,13/04/2026
Haibike,2024.0,371,4351.0,6799.0,2026.0,April,2.0,36.0,https://rutile.bike/products/haibike-hybe-9-i750wh-12-g-slx-brl-ma-gl_grey-red-m-44,Rutile,13/04/2026
Focus,2023.0,1119,3362.0,5699.0,2026.0,April,3.0,41.0,https://rutile.bike/products/focus-jam-6-12,Rutile,13/04/2026
Focus,2024.0,0,3149.0,4999.0,2026.0,April,2.0,37.0,https://rutile.bike/products/focus-thron-6-10,Rutile,13/04/2026
Lapierre,2023.0,884,7500.0,12500.0,2026.0,April,3.0,40.0,https://rutile.bike/products/lapierre-ov-am-8-7-xl,Rutile,13/04/2026
Fantic,2022.0,820,2049.0,4690.0,2026.0,April,4.0,56.3,https://upway.fr/products/fantic-xtf15-rr3ec9,Upway,13/04/2026
Haibike,2022.0,2522,2399.0,4999.0,2026.0,April,4.0,52.0,https://upway.fr/products/haibike-aiitrail-6-29-rr2mr0,Upway,13/04/2026
Ktm,2021.0,3147,1449.0,2999.0,2026.0,April,5.0,51.7,https://upway.fr/products/ktm-macina-race-291-rr2ky9,Upway,13/04/2026
Cube,2020.0,4739,2299.0,4799.0,2026.0,April,6.0,52.1,https://upway.fr/products/cube-stereo-hybrid-140-hpc-race-rr0kg8,Upway,13/04/2026
Olympia,2022.0,2076,1849.0,3795.0,2026.0,April,4.0,51.3,https://upway.fr/products/olympia-performer-900-rr2uq6,Upway,13/04/2026
Giant,2022.0,3434,1849.0,3899.0,2026.0,April,4.0,52.6,https://upway.fr/products/hoheacht-sento-roko-drc22,Upway,13/04/2026
Conway,2023.0,884,1699.0,3299.0,2026.0,April,3.0,48.5,https://upway.fr/products/conway-cairon-s-20-rr3es9,Upway,13/04/2026
Cube,2022.0,3464,2049.0,3449.0,2026.0,April,4.0,40.6,https://upway.fr/products/cube-reaction-hybrid-sl-29-rr0xq3,Upway,13/04/2026
Cube,2022.0,1025,2049.0,3149.0,2026.0,April,4.0,34.9,https://upway.fr/products/cube-reaction-hybrid-pro-625-29-rr2wl5,Upway,13/04/2026
Cube,2023.0,788,2499.0,3649.0,2026.0,April,3.0,31.5,https://upway.fr/products/cube-nuride-hybrid-exc-750-allroad-rr2nu3,Upway,13/04/2026
Cube,2020.0,10314,1249.0,2799.0,2026.0,April,6.0,55.4,https://upway.fr/products/cube-reaction-hybrid-race-rr3qk4,Upway,13/04/2026
Haibike,2018.0,2360,1449.0,3499.0,2026.0,April,8.0,58.6,https://upway.fr/products/haibike-sduro-hardnine-80-rr3fw1,Upway,13/04/2026
Giant,2021.0,1459,1449.0,2899.0,2026.0,April,5.0,50.0,https://upway.fr/products/giant-fathom-e-2-rr3bs6,Upway,13/04/2026
Conway,2024.0,404,3965.0,6500.0,2026.0,April,2.0,39.0,https://rutile.bike/products/conway-ryvon-lt-4-0,Rutile,13/04/2026
Haibike,2024.0,206,2049.0,3199.0,2026.0,April,2.0,35.9,https://upway.fr/products/haibike-alltrack-5-rr3qr5,Upway,13/04/2026
Fantic,2022.0,620,2049.0,4690.0,2026.0,April,4.0,56.3,https://upway.fr/products/fantic-xtf15-rr3ec5,Upway,13/04/2026
Bulls,2022.0,588,1749.0,3599.0,2026.0,April,4.0,51.4,https://upway.fr/products/bulls-copperhead-evo-1-29-rr3fr7,Upway,13/04/2026
Nakamura,2025.0,59,1449.0,1899.0,2026.0,April,1.0,23.7,https://upway.fr/products/nakamura-esummit-ltd-rr3hy8,Upway,13/04/2026
Cube,2020.0,213,2449.0,4099.0,2026.0,April,6.0,40.3,https://upway.fr/products/cube-stereo-hybrid-140-sl-500-rr0xp3,Upway,13/04/2026
Bulls,2022.0,1857,2199.0,4799.0,2026.0,April,4.0,54.2,https://upway.fr/products/bulls-copperhead-evo-1-rr2wn0,Upway,13/04/2026
Cube,2025.0,1447,2499.0,3399.0,2026.0,April,1.0,26.5,https://upway.fr/products/cube-reaction-hybrid-pro-allroad-rr3kz8,Upway,13/04/2026
Orbea,2023.0,85,4379.0,7299.0,2026.0,April,3.0,40.0,https://rutile.bike/products/orbea-wild-h10-1,Rutile,13/04/2026
Moustache,2021.0,4037,3285.0,5299.0,2026.0,April,5.0,38.0,https://rutile.bike/products/moustache-samedi-26-fat-4,Rutile,13/04/2026
Moustache,2025.0,1185,4129.0,6999.0,2026.0,April,1.0,41.0,https://rutile.bike/products/moustache-bikes-game-7,Rutile,13/04/2026
Scott,2024.0,660,2949.0,4999.0,2026.0,April,2.0,41.0,https://rutile.bike/products/scott-strike-eride-931,Rutile,13/04/2026
Cube,2024.0,48,4269.0,6999.0,2026.0,April,2.0,39.0,https://rutile.bike/products/cube-stereo-hybrid-one55-c-68x-slx-750,Rutile,13/04/2026
Ktm,2022.0,1633,3464.0,6299.0,2026.0,April,4.0,45.0,https://rutile.bike/products/ktm-macina-chacana-791,Rutile,13/04/2026
Lapierre,2025.0,0,5375.0,12500.0,2026.0,April,1.0,57.0,https://rutile.bike/products/lapierre-e-zesty-am-ltd-40m-transluc-blue,Rutile,13/04/2026
Raymon,2022.0,130,2249.0,4699.0,2026.0,April,4.0,52.1,https://upway.fr/products/raymon-trailray-160e-80-rr3fk6,Upway,13/04/2026
Conway,2024.0,1,3835.0,6500.0,2026.0,April,2.0,41.0,https://rutile.bike/products/conway-ryvon-lt-4-1,Rutile,13/04/2026
Lapierre,2024.0,360,3915.0,8699.0,2026.0,April,2.0,55.0,https://rutile.bike/products/lapierre-e-zesty-am-ltd-18kg,Rutile,13/04/2026
Lapierre,2024.0,360,4050.0,8999.0,2026.0,April,2.0,55.0,https://rutile.bike/products/lapierre-e-zesty-am-ltd-copie,Rutile,13/04/2026
Megamo,2024.0,2,2599.0,5999.0,2026.0,April,2.0,56.7,https://mint-bikes.com/products/megamo-native-20-24,Mint,13/04/2026
Trek,2022.0,2,2299.0,6799.0,2026.0,April,4.0,66.2,https://mint-bikes.com/products/trek-e-caliber-9-6,Mint,13/04/2026
Megamo,2025.0,2,3599.0,4799.0,2026.0,April,1.0,25.0,https://mint-bikes.com/products/megamo-flame-al-20-2025,Mint,13/04/2026
Santa Cruz,2024.0,940,5399.0,10999.0,2026.0,April,2.0,50.9,https://mint-bikes.com/products/santa-cruz-heckler-xx-axs-rsv,Mint,13/04/2026
Haibike,2023.0,815,3049.0,7999.0,2026.0,April,3.0,61.9,https://mint-bikes.com/products/haibike-lyke-cf-11,Mint,13/04/2026
Trek,2025.0,15,2999.0,4599.0,2026.0,April,1.0,34.8,https://mint-bikes.com/products/trek-powerfly-fs-4-gen4,Mint,13/04/2026
Ktm,2023.0,1971,1649.0,4646.0,2026.0,April,3.0,64.5,https://mint-bikes.com/products/ktm-macina-pro-cross-ltd-2023-t-xl,Mint,13/04/2026
Scott,2023.0,4408,2699.0,6999.0,2026.0,April,3.0,61.4,https://mint-bikes.com/products/scott-lumen-eride-910-2023,Mint,13/04/2026
Giant,2022.0,794,1299.0,2800.0,2026.0,April,4.0,53.6,https://mint-bikes.com/products/giant-fathom-e-1-2022-t-xxl,Mint,13/04/2026
Bh,2023.0,427,3549.0,9800.0,2026.0,April,3.0,63.8,https://mint-bikes.com/products/bh-ilynx-trail-pro-8-9-23,Mint,13/04/2026
Bh,2023.0,1253,3149.0,9799.0,2026.0,April,3.0,67.9,https://mint-bikes.com/products/bh-ilynx-trail-carbon-pro-8-9-2023,Mint,13/04/2026
Cannondale,2023.0,337,2749.0,4999.0,2026.0,April,3.0,45.0,https://mint-bikes.com/products/cannondale-moterra-neo-4-2023-l,Mint,13/04/2026
Bh,2026.0,2,1539.0,1999.0,2026.0,April,0.0,23.0,https://mint-bikes.com/products/bh-atom-29-26,Mint,13/04/2026
Bh,2023.0,1500,3199.0,9799.0,2026.0,April,3.0,67.4,https://mint-bikes.com/products/bh-ilynx-trail-carbon-pro-8-9-2023-t-m-248963,Mint,13/04/2026
Giant,2022.0,66,1899.0,3599.0,2026.0,April,4.0,47.2,https://mint-bikes.com/products/giant-fathom-e-ex-2022-l,Mint,13/04/2026
Cube,2023.0,988,2449.0,4099.0,2026.0,April,3.0,40.3,https://mint-bikes.com/products/cube-reaction-hybrid-slx-750-2023-l,Mint,13/04/2026
Giant,2023.0,939,3249.0,6499.0,2026.0,April,3.0,50.0,https://mint-bikes.com/products/giant-stormguard-e-2,Mint,13/04/2026
Bianchi,2022.0,2182,2199.0,4399.0,2026.0,April,4.0,50.0,https://upway.fr/products/bianchi-eomnia-xtype-ht-rr2qp1,Upway,13/04/2026
Lapierre,2021.0,900,6625.0,12500.0,2026.0,April,5.0,47.0,https://rutile.bike/products/lapierre-overvolt-glp-elite-46l,Rutile,13/04/2026
Ktm,2023.0,87,2249.0,5237.0,2026.0,April,3.0,57.1,https://mint-bikes.com/products/ktm-macina-team-xl-2023-t-xl,Mint,13/04/2026
Rocky,2022.0,1078,2499.0,6500.0,2026.0,April,4.0,61.6,https://mint-bikes.com/products/rocky-mountain-instinct-powerplay-alloy-50,Mint,13/04/2026
Lapierre,2024.0,868,3496.0,7599.0,2026.0,April,2.0,54.0,https://rutile.bike/products/lapierre-e-zesty-am-9-4-40m-night-blue,Rutile,13/04/2026
Moustache,2021.0,6666,3977.0,7799.0,2026.0,April,5.0,49.0,https://rutile.bike/products/moustache-samedi-29-trail-10,Rutile,13/04/2026
Carver,2025.0,568,2477.0,4199.0,2026.0,April,1.0,41.0,https://rutile.bike/products/carver-drift-e-511,Rutile,13/04/2026
Ghost,2025.0,86,4574.0,7499.0,2026.0,April,1.0,39.0,https://rutile.bike/products/ghost-e-asx-130-universal-al,Rutile,13/04/2026
Haibike,2026.0,2,2861.0,5399.0,2026.0,April,0.0,47.0,https://rutile.bike/products/haibike-allmtn-2-i720-12-g-sx-eagle22-yx3s-aqua_green-l,Rutile,13/04/2026
Giant,2024.0,3167,1349.0,2750.0,2026.0,April,2.0,50.9,https://mint-bikes.com/products/giant-explore-e-3-dd-2024,Mint,13/04/2026
Giant,2024.0,872,1479.0,2599.0,2026.0,April,2.0,43.1,https://mint-bikes.com/products/giant-talon-e-ex-xl,Mint,13/04/2026
Orbea,2023.0,181,3599.0,6499.0,2026.0,April,3.0,44.6,https://mint-bikes.com/products/orbea-rise-h10,Mint,13/04/2026
Giant,2024.0,468,3599.0,5850.0,2026.0,April,2.0,38.5,https://mint-bikes.com/products/giant-trance-x-advanced-e-2-s,Mint,13/04/2026
Specialized,2025.0,2,4399.0,5499.0,2026.0,April,1.0,20.0,https://mint-bikes.com/products/specialized-turbo-levo-4-comp,Mint,13/04/2026
Haibike,2022.0,1061,2799.0,6799.0,2026.0,April,4.0,58.8,https://mint-bikes.com/products/haibike-adventr-fs-10,Mint,13/04/2026
Cannondale,2025.0,113,3599.0,6599.0,2026.0,April,1.0,45.5,https://mint-bikes.com/products/cannondale-moterra-carbon-2-l,Mint,13/04/2026
Bh,2022.0,7,2999.0,5499.0,2026.0,April,4.0,45.5,https://mint-bikes.com/products/bh-atom-e-suv-pro-se,Mint,13/04/2026
Giant,2023.0,25,1299.0,2000.0,2026.0,April,3.0,35.0,https://mint-bikes.com/products/giant-talon-e-junior-26-2024,Mint,13/04/2026
Haibike,2024.0,266,2349.0,4299.0,2026.0,April,2.0,45.4,https://mint-bikes.com/products/haibike-trekking-8-2024-s,Mint,13/04/2026
Scott,2023.0,644,2999.0,4999.0,2026.0,April,3.0,40.0,https://mint-bikes.com/products/scott-strike-eride-920-evo-l,Mint,13/04/2026
Giant,2024.0,2,1249.0,2000.0,2026.0,April,2.0,37.5,https://mint-bikes.com/products/giant-talon-e-junior-26-202,Mint,13/04/2026
Cube,2024.0,557,2799.0,4299.0,2026.0,April,2.0,34.9,https://mint-bikes.com/products/cube-reaction-hybrid-slx-750-l-2024,Mint,13/04/2026
Ktm,2023.0,2159,1949.0,4744.0,2026.0,April,3.0,58.9,https://mint-bikes.com/products/ktm-macina-team-2023-t-xl,Mint,13/04/2026
Cannondale,2024.0,1500,2849.0,5599.0,2026.0,April,2.0,49.1,https://mint-bikes.com/products/cannondale-moterra-neo-3-2024,Mint,13/04/2026
Focus,2024.0,272,2599.0,8999.0,2026.0,April,2.0,71.1,https://mint-bikes.com/products/focus-focus-jam-2-sl-9-9,Mint,13/04/2026
Merida,2023.0,495,2649.0,6699.0,2026.0,April,3.0,60.5,https://mint-bikes.com/products/merida-eone-sixty-8000-2023-t-l,Mint,13/04/2026
Rocky,2020.0,290,2299.0,6869.0,2026.0,April,6.0,66.5,https://mint-bikes.com/products/rocky-mountain-instinct-powerplay-alloy-70,Mint,13/04/2026
Ktm,2025.0,675,1849.0,3600.0,2026.0,April,1.0,48.6,https://mint-bikes.com/products/ktm-macina-race-sx-20-2025-t-xl,Mint,13/04/2026
Haibike,2023.0,759,2999.0,5499.0,2026.0,April,3.0,45.5,https://mint-bikes.com/products/haibike-alltrail-6-l,Mint,13/04/2026
Fantic,2020.0,6627,1149.0,3790.0,2026.0,April,6.0,69.7,https://upway.fr/products/fantic-xf2integra-rr3ef9,Upway,13/04/2026
Moustache,2024.0,490,3699.0,5799.0,2026.0,April,2.0,36.2,https://mint-bikes.com/products/moustache-j-all-m,Mint,15/04/2026
Focus,2023.0,1894,2599.0,4999.0,2026.0,April,3.0,48.0,https://mint-bikes.com/products/focus-thron2-6-7-eqp,Mint,15/04/2026
Scott,2024.0,832,2299.0,3799.0,2026.0,April,2.0,39.5,https://upway.fr/products/scott-aspect-eride-920-rr3ma3,Upway,15/04/2026
Scott,2017.0,12 172,1449.0,5699.0,2026.0,April,9.0,74.6,https://upway.fr/products/scott-espark-710-rr3dp8,Upway,15/04/2026
Bianchi,2023.0,2 941,2099.0,4049.0,2026.0,April,3.0,48.2,https://upway.fr/products/bianchi-eomnia-xtype-rr2cs0,Upway,15/04/2026
Trek,2024.0,8,1649.0,2799.0,2026.0,April,2.0,41.1,https://upway.fr/products/trek-marlin-6-rr4jh7,Upway,15/04/2026
Cube,2022.0,3 059,2349.0,3799.0,2026.0,April,4.0,38.2,https://upway.fr/products/cube-reaction-hybrid-race-750-rr0uy3,Upway,15/04/2026
Rockrider,2022.0,1 576,1049.0,1500.0,2026.0,April,4.0,30.1,https://upway.fr/products/rockrider-est-500-rr3dh7,Upway,15/04/2026
Ns,2023.0,2 045,1849.0,6399.0,2026.0,April,3.0,71.1,https://upway.fr/products/ns-bikes-e-fine-2-rr0ma9,Upway,15/04/2026
Swype,2022.0,1 942,2099.0,3399.0,2026.0,April,4.0,38.2,https://upway.fr/products/swype-torqz-10-rr4jg7,Upway,15/04/2026
Raymon,2022.0,627,1399.0,2599.0,2026.0,April,4.0,46.2,https://upway.fr/products/raymon-hardray-e-30-rr4jg0,Upway,15/04/2026
Liv,2022.0,2 536,1799.0,3849.0,2026.0,April,4.0,53.3,https://upway.fr/products/liv-embolden-e-2-rr4jf1,Upway,15/04/2026
Giant,2021.0,2 476,1399.0,2899.0,2026.0,April,5.0,51.7,https://upway.fr/products/giant-fathom-e-2-29er-rr3ez8,Upway,15/04/2026
Ktm,2021.0,1 693,1999.0,3949.0,2026.0,April,5.0,49.4,https://upway.fr/products/ktm-macina-team-xl-rr3mu0,Upway,15/04/2026
Cube,2023.0,6 218,2099.0,3799.0,2026.0,April,3.0,44.7,https://upway.fr/products/cube-reaction-hybrid-race-rr1yu2,Upway,15/04/2026
Cube,2022.0,1 963,1949.0,2949.0,2026.0,April,4.0,33.9,https://upway.fr/products/cube-reaction-pro-rr3lk9,Upway,15/04/2026
Ktm,2023.0,858,2299.0,4099.0,2026.0,April,3.0,43.9,https://upway.fr/products/ktm-macina-team-772-rr3rp1,Upway,15/04/2026
Canyon,2019.0,2 811,1999.0,4299.0,2026.0,April,7.0,53.5,https://upway.fr/products/canyon-spectral-on-al-70-rr3gs3,Upway,15/04/2026
Scott,2022.0,4 503,2399.0,5299.0,2026.0,April,4.0,54.7,https://upway.fr/products/scott-strike-eride-930-rr3gr2,Upway,15/04/2026
Fantic,2019.0,4 380,1149.0,3290.0,2026.0,April,7.0,65.1,https://upway.fr/products/fantic-fatsport-rr0yk9,Upway,15/04/2026
Haibike,2021.0,232,1599.0,2699.0,2026.0,April,5.0,40.8,https://upway.fr/products/haibike-hardseven-6-rr3qc0,Upway,15/04/2026
Giant,2022.0,409,1999.0,3699.0,2026.0,April,4.0,46.0,https://upway.fr/products/giant-stance-e-pro-rr3gk3,Upway,15/04/2026
Giant,2022.0,1 123,1749.0,3099.0,2026.0,April,4.0,43.6,https://upway.fr/products/giant-fathom-e-2-rr4jd0,Upway,15/04/2026
Bulls,2021.0,3 319,1649.0,3799.0,2026.0,April,5.0,56.6,https://upway.fr/products/bulls-copperhead-pb18,Upway,15/04/2026
Conway,2022.0,12 074,1699.0,4999.0,2026.0,April,4.0,66.0,https://upway.fr/products/conway-xyron-suv-69-rr4cn7,Upway,15/04/2026
Cannondale,2023.0,337,2699.0,4999.0,2026.0,April,3.0,46.0,https://mint-bikes.com/products/cannondale-moterra-neo-4-2023-l,Mint,15/04/2026
Scott,2023.0,4408,2399.0,6999.0,2026.0,April,3.0,65.7,https://mint-bikes.com/products/scott-lumen-eride-910-2023,Mint,15/04/2026
Mondraker,2022.0,2436,3749.0,8699.0,2026.0,April,4.0,56.9,https://mint-bikes.com/products/mondraker-level-rr,Mint,15/04/2026
Giant,2022.0,540,2399.0,5099.0,2026.0,April,4.0,53.0,https://mint-bikes.com/products/giant-trance-x-e-3-2022-m-1,Mint,15/04/2026
Giant,2024.0,1899,1649.0,3200.0,2026.0,April,2.0,48.5,https://mint-bikes.com/products/giant-fathom-e-2-2024-l,Mint,15/04/2026
Advanced,2024.0,1979,2599.0,5199.0,2026.0,April,2.0,50.0,https://mint-bikes.com/products/advanced-trekking-pro-fs,Mint,15/04/2026
Rocky,2026.0,1000,9799.0,9800.0,2026.0,April,0.0,0.0,https://mint-bikes.comhttps://mint-bikes.com/products/rocky-mountain-altitude-powerplay-alloy-70-2023-m?_pos=1&_fid=655b15113&_ss=c,Mint,15/04/2026
Scott,2023.0,5 613,2349.0,4999.0,2026.0,April,3.0,53.0,https://upway.fr/products/scott-strike-eride-920-rr3lc7,Upway,17/04/2026
Cannondale,2022.0,1 748,2399.0,4999.0,2026.0,April,4.0,52.0,https://upway.fr/products/cannondale-moterra-neo-rr3qw6,Upway,17/04/2026
Decathlon,2021.0,3 424,1149.0,1999.0,2026.0,April,5.0,42.5,https://upway.fr/products/decathlon-est-900-rr3ae6,Upway,17/04/2026
Giant,2022.0,3 764,2349.0,4999.0,2026.0,April,4.0,53.0,https://upway.fr/products/giant-stance-e-1-pro-rr3db2,Upway,17/04/2026
Ktm,2022.0,261,2299.0,3859.0,2026.0,April,4.0,40.4,https://upway.fr/products/ktm-macina-race-571-rr3jw3,Upway,17/04/2026
Gasgas,2024.0,685,2149.0,3799.0,2026.0,April,2.0,43.4,https://upway.fr/products/gasgas-tra-6-rr3jk6,Upway,17/04/2026
Cube,2022.0,2 432,1949.0,2949.0,2026.0,April,4.0,33.9,https://upway.fr/products/cube-reaction-hybrid-pro-625-rr3nq4,Upway,17/04/2026
Cube,2019.0,1 345,1499.0,2499.0,2026.0,April,7.0,40.0,https://upway.fr/products/cube-sure-damen-rr3rk3,Upway,17/04/2026
Cube,2021.0,2 796,2499.0,4549.0,2026.0,April,5.0,45.1,https://upway.fr/products/cube-stereo-hybrid-140-hpc-sl-625-29-rr3ps6,Upway,17/04/2026
Haibike,2021.0,1 768,1299.0,2399.0,2026.0,April,5.0,45.9,https://upway.fr/products/haibike-hardnine-4-rr4bd9,Upway,17/04/2026
Scott,2024.0,832,2199.0,3799.0,2026.0,April,2.0,42.1,https://upway.fr/products/scott-aspect-eride-920-rr3ma3,Upway,17/04/2026
Scott,2017.0,12 172,1399.0,5699.0,2026.0,April,9.0,75.5,https://upway.fr/products/scott-espark-710-rr3dp8,Upway,17/04/2026
Bianchi,2023.0,2 941,2049.0,4049.0,2026.0,April,3.0,49.4,https://upway.fr/products/bianchi-eomnia-xtype-rr2cs0,Upway,17/04/2026
Cube,2022.0,3 059,2249.0,3799.0,2026.0,April,4.0,40.8,https://upway.fr/products/cube-reaction-hybrid-race-750-rr0uy3,Upway,17/04/2026
Giant,2022.0,725,2349.0,4299.0,2026.0,April,4.0,45.4,https://upway.fr/products/giant-stance-e-ex-rr3uk1,Upway,17/04/2026
Cube,2022.0,7 375,2449.0,5200.0,2026.0,April,4.0,52.9,https://upway.fr/products/cube-stereo-hybrid-120-slt-750-29-rr3jl4,Upway,17/04/2026
Giant,2021.0,1 015,1149.0,2099.0,2026.0,April,5.0,45.3,https://upway.fr/products/giant-talon-e2-rr1pd3,Upway,17/04/2026
Focus,2022.0,1 164,2499.0,4500.0,2026.0,April,4.0,44.5,https://upway.fr/products/focus-thron-68-rr3qd9,Upway,17/04/2026
Swype,2022.0,1 942,2049.0,3399.0,2026.0,April,4.0,39.7,https://upway.fr/products/swype-torqz-10-rr4jg7,Upway,17/04/2026
Orbea,2022.0,6 956,2049.0,5299.0,2026.0,April,4.0,61.3,https://upway.fr/products/orbea-rise-h30-rr3ku6,Upway,17/04/2026
Raymon,2022.0,627,1349.0,2599.0,2026.0,April,4.0,48.1,https://upway.fr/products/raymon-hardray-e-30-rr4jg0,Upway,17/04/2026
Cube,2023.0,5 370,1749.0,2849.0,2026.0,April,3.0,38.6,https://upway.fr/products/cube-reaction-hybrid-one-rr4cr5,Upway,17/04/2026
Cube,2020.0,1 911,2449.0,4499.0,2026.0,April,6.0,45.6,https://upway.fr/products/cube-stereo-hybrid-160-sl-500-275-rr3jz9,Upway,17/04/2026
Scott,2023.0,644,2899.0,4999.0,2026.0,April,3.0,42.0,https://mint-bikes.com/products/scott-strike-eride-920-evo-l,Mint,18/04/2026
Cannondale,2024.0,2,3999.0,6999.0,2026.0,April,2.0,42.9,https://mint-bikes.com/products/cannondale-moterra-sl-2-m,Mint,18/04/2026
Mondraker,2024.0,79,4799.0,9500.0,2026.0,April,2.0,49.5,https://mint-bikes.com/products/mondraker-neat-rr,Mint,18/04/2026
Haibike,2025.0,726,2949.0,5999.0,2026.0,April,1.0,50.8,https://mint-bikes.com/products/haibike-nduro-6-xl,Mint,18/04/2026
Wilier,2023.0,6,3599.0,7000.0,2026.0,April,3.0,48.6,https://mint-bikes.com/products/wilier-triestina-urta-hybride,Mint,18/04/2026
Giant,2023.0,3861,1329.0,2750.0,2026.0,April,3.0,51.7,https://mint-bikes.com/products/giant-explore-e-3-dd-2023-t-m,Mint,18/04/2026
Cube,2025.0,1000,3149.0,4599.0,2026.0,April,1.0,31.5,https://mint-bikes.com/products/cube-stereo-hybrid-one77-hpc-race-800,Mint,18/04/2026
Bh,2022.0,1500,3029.0,7649.0,2026.0,April,4.0,60.4,https://mint-bikes.com/products/bh-ilynx-trail-carbon-pro-8-9,Mint,18/04/2026
Cube,2025.0,900,3149.0,4599.0,2026.0,April,1.0,31.5,https://mint-bikes.com/products/cube-stereo-hybrid-one77-hpc-race-800-2025,Mint,18/04/2026
Bh,2022.0,2000,2849.0,9099.0,2026.0,April,4.0,68.7,https://mint-bikes.com/products/bh-ilynx-trail-carbone-pro-8-9-2022,Mint,18/04/2026
Megamo,2024.0,2,2599.0,5999.0,2026.0,April,2.0,56.7,https://mint-bikes.com/products/megamo-native,Mint,18/04/2026
Megamo,2025.0,2,3599.0,4799.0,2026.0,April,1.0,25.0,https://mint-bikes.com/products/megamo-flame-al-20,Mint,18/04/2026
Megamo,2024.0,2,2599.0,5999.0,2026.0,April,2.0,56.7,https://mint-bikes.com/products/megamo-native-20,Mint,18/04/2026
Merida,2022.0,830,3999.0,6860.0,2026.0,April,4.0,41.7,https://mint-bikes.com/products/merida-eone-sixty-975,Mint,18/04/2026
Rocky,2021.0,7000,2999.0,9499.0,2026.0,April,5.0,68.4,https://mint-bikes.com/products/rocky-mountain-instinct-powerplay-c70,Mint,18/04/2026
Bulls,2023.0,850,2479.0,5399.0,2026.0,April,3.0,54.1,,Rebike,18/04/2026
Bulls,2022.0,1338,1699.0,2898.0,2026.0,April,4.0,41.4,,Rebike,18/04/2026
Bulls,2022.0,8256,1889.0,3507.0,2026.0,April,4.0,46.1,,Rebike,18/04/2026
Conway,2024.0,281,2999.0,4999.0,2026.0,April,2.0,40.0,,Rebike,18/04/2026
Conway,2022.0,3280,1899.0,3742.0,2026.0,April,4.0,49.3,,Rebike,18/04/2026
Cube,2023.0,199,2499.0,4099.0,2026.0,April,3.0,39.0,,Rebike,18/04/2026
Cube,2023.0,16,2899.0,4399.0,2026.0,April,3.0,34.1,,Rebike,18/04/2026
Cube,2024.0,3965,4399.0,7254.0,2026.0,April,2.0,39.4,,Rebike,18/04/2026
Cube,2025.0,429,2229.0,3199.0,2026.0,April,1.0,30.3,,Rebike,18/04/2026
Cube,2024.0,1320,3649.0,5799.0,2026.0,April,2.0,37.1,,Rebike,18/04/2026
Ghost,2022.0,948,2699.0,5163.0,2026.0,April,4.0,47.7,,Rebike,18/04/2026
Haibike,2024.0,1305,3959.0,7999.0,2026.0,April,2.0,50.5,,Rebike,18/04/2026
Orbea,2024.0,987,4499.0,9399.0,2026.0,April,2.0,52.1,,Rebike,18/04/2026
Raymon,2022.0,6100,1759.0,3199.0,2026.0,April,4.0,45.0,,Rebike,18/04/2026
Cannondale,2024.0,659,2499.0,4899.0,2026.0,April,2.0,49.0,https://mint-bikes.com/products/cannondale-motera-neo-4-l,Mint,19/04/2026
Santa Cruz,2024.0,1,6099.0,9799.0,2026.0,April,2.0,37.8,https://mint-bikes.com/products/santa-cruz-heckler-sl-c-gx-axs,Mint,19/04/2026
Cube,2023.0,1734,2949.0,4799.0,2026.0,April,3.0,38.5,https://mint-bikes.com/products/cube-stereo-hybrid-140-hpc-race-750-2023-l,Mint,19/04/2026
Moustache,2023.0,1099,2899.0,4899.0,2026.0,April,3.0,40.8,https://mint-bikes.com/products/moustache-samedi-27-wide-4-2023,Mint,19/04/2026
Cube,2024.0,218,2499.0,3249.0,2026.0,April,2.0,23.1,https://upway.fr/products/cube-reaction-hybrid-pro-rr3pr2,Upway,19/04/2026
Cube,2019.0,2 725,1949.0,3699.0,2026.0,April,7.0,47.3,https://upway.fr/products/cube-stereo-hybrid-120-race-500-rr4fh2,Upway,19/04/2026
Cube,2019.0,5 679,1399.0,2899.0,2026.0,April,7.0,51.7,https://upway.fr/products/cube-reaction-hybrid-race-500-rr4fx0,Upway,19/04/2026
Cube,2023.0,1 699,2099.0,2899.0,2026.0,April,3.0,27.6,https://upway.fr/products/cube-reaction-hybrid-one-625-rr0za4,Upway,19/04/2026
Cube,2023.0,4 134,1899.0,3049.0,2026.0,April,3.0,37.7,https://upway.fr/products/cube-reaction-hybrid-pro-625-29-rr3nz2,Upway,19/04/2026
Bulls,2022.0,1 738,1999.0,4099.0,2026.0,April,4.0,51.2,https://upway.fr/products/bulls-aminga-eva-3-rr3jq2,Upway,19/04/2026
Giant,2025.0,541,1699.0,2599.0,2026.0,April,1.0,34.6,https://upway.fr/products/giant-talon-e-1-rr3tp8,Upway,19/04/2026
Raymon,2022.0,893,1949.0,3914.0,2026.0,April,4.0,50.2,https://upway.fr/products/raymon-hardray-e-50-rr3pa6,Upway,19/04/2026
Decathlon,2022.0,802,1449.0,2199.0,2026.0,April,4.0,34.1,https://upway.fr/products/decathlon-est-900-rr3hl4,Upway,19/04/2026
Scott,2023.0,5 613,2249.0,4999.0,2026.0,April,3.0,55.0,https://upway.fr/products/scott-strike-eride-920-rr3lc7,Upway,19/04/2026
Cannondale,2022.0,1 748,2299.0,4999.0,2026.0,April,4.0,54.0,https://upway.fr/products/cannondale-moterra-neo-rr3qw6,Upway,19/04/2026
Scott,2020.0,1 829,1799.0,3599.0,2026.0,April,6.0,50.0,https://upway.fr/products/scott-aspect-eride-910-rr3gp2,Upway,19/04/2026
Bulls,2022.0,5,1949.0,3599.0,2026.0,April,4.0,45.8,https://upway.fr/products/bulls-lt-evo-cx-rr3uh7,Upway,19/04/2026
Giant,2022.0,3 764,2249.0,4999.0,2026.0,April,4.0,55.0,https://upway.fr/products/giant-stance-e-1-pro-rr3db2,Upway,19/04/2026
Giant,2021.0,254,2499.0,5000.0,2026.0,April,5.0,50.0,https://upway.fr/products/giant-trance-x-e3-pro-rr3gt7,Upway,19/04/2026
Musing,2023.0,6 375,2499.0,6602.0,2026.0,April,3.0,62.1,https://upway.fr/products/musing-savage-e-rr3kt7,Upway,19/04/2026
Ktm,2022.0,261,2249.0,3859.0,2026.0,April,4.0,41.7,https://upway.fr/products/ktm-macina-race-571-rr3jw3,Upway,19/04/2026
Gasgas,2024.0,685,2099.0,3799.0,2026.0,April,2.0,44.7,https://upway.fr/products/gasgas-tra-6-rr3jk6,Upway,19/04/2026
Cube,2020.0,5 246,2349.0,4999.0,2026.0,April,6.0,53.0,https://upway.fr/products/cube-stereo-hybrid-140-hpc-sl-625-rr3yz9,Upway,19/04/2026
Cube,2022.0,2 432,1899.0,2949.0,2026.0,April,4.0,35.6,https://upway.fr/products/cube-reaction-hybrid-pro-625-rr3nq4,Upway,19/04/2026
Focus,2023.0,5 068,1749.0,3399.0,2026.0,April,3.0,48.5,https://upway.fr/products/focus-jarifa-67-rr3lq0,Upway,19/04/2026
Cube,2021.0,2 796,2449.0,4549.0,2026.0,April,5.0,46.2,https://upway.fr/products/cube-stereo-hybrid-140-hpc-sl-625-29-rr3ps6,Upway,19/04/2026
Cube,2017.0,606,1599.0,3250.0,2026.0,April,9.0,50.8,https://upway.fr/products/cube-access-hybrid-pro-500-rr3pj0,Upway,19/04/2026
Bulls,2022.0,7365,2869.0,5418.0,2026.0,April,4.0,47.0,,Rebike,19/04/2026
Corratec,2025.0,0,2689.0,4599.0,2026.0,April,1.0,41.5,,Rebike,19/04/2026
Cube,2019.0,2 725,1899.0,3699.0,2026.0,April,7.0,48.7,https://upway.fr/products/cube-stereo-hybrid-120-race-500-rr4fh2,Upway,20/04/2026
Cube,2023.0,1 699,2049.0,2899.0,2026.0,April,3.0,29.3,https://upway.fr/products/cube-reaction-hybrid-one-625-rr0za4,Upway,20/04/2026
Scott,2020.0,1 829,1749.0,3599.0,2026.0,April,6.0,51.4,https://upway.fr/products/scott-aspect-eride-910-rr3gp2,Upway,20/04/2026
Ktm,2022.0,261,2199.0,3859.0,2026.0,April,4.0,43.0,https://upway.fr/products/ktm-macina-race-571-rr3jw3,Upway,20/04/2026
Specialized,2019.0,1 453,2349.0,5500.0,2026.0,April,7.0,57.3,https://upway.fr/products/specialized-turbo-levo-fsr-comp-rr3lx7,Upway,20/04/2026
Cube,2020.0,5 246,2299.0,4999.0,2026.0,April,6.0,54.0,https://upway.fr/products/cube-stereo-hybrid-140-hpc-sl-625-rr3yz9,Upway,20/04/2026
Cube,2022.0,2 432,1849.0,2949.0,2026.0,April,4.0,37.3,https://upway.fr/products/cube-reaction-hybrid-pro-625-rr3nq4,Upway,20/04/2026
Focus,2023.0,5 068,1699.0,3399.0,2026.0,April,3.0,50.0,https://upway.fr/products/focus-jarifa-67-rr3lq0,Upway,20/04/2026
Cube,2017.0,606,1549.0,3250.0,2026.0,April,9.0,52.3,https://upway.fr/products/cube-access-hybrid-pro-500-rr3pj0,Upway,20/04/2026
Scott,2024.0,832,2149.0,3799.0,2026.0,April,2.0,43.4,https://upway.fr/products/scott-aspect-eride-920-rr3ma3,Upway,20/04/2026
Bianchi,2023.0,2 941,1999.0,4049.0,2026.0,April,3.0,50.6,https://upway.fr/products/bianchi-eomnia-xtype-rr2cs0,Upway,20/04/2026
Cube,2022.0,3 059,2199.0,3799.0,2026.0,April,4.0,42.1,https://upway.fr/products/cube-reaction-hybrid-race-750-rr0uy3,Upway,20/04/2026
Bulls,2022.0,8256,1889.0,3507.0,2026.0,April,4.0,46.1,,Rebike,19/04/2026
Bulls,2022.0,7365,2869.0,5418.0,2026.0,April,4.0,47.0,,Rebike,19/04/2026
Bulls,2022.0,1338,1699.0,2898.0,2026.0,April,4.0,41.4,,Rebike,19/04/2026
Bulls,2023.0,850,2479.0,5399.0,2026.0,April,3.0,54.1,,Rebike,19/04/2026
Conway,2022.0,3280,1899.0,3742.0,2026.0,April,4.0,49.3,,Rebike,19/04/2026
Conway,2024.0,281,2999.0,4999.0,2026.0,April,2.0,40.0,,Rebike,19/04/2026
Corratec,2025.0,0,2689.0,4599.0,2026.0,April,1.0,41.5,,Rebike,19/04/2026
Cube,2024.0,3965,4399.0,7254.0,2026.0,April,2.0,39.4,,Rebike,19/04/2026
Cube,2023.0,16,2899.0,4399.0,2026.0,April,3.0,34.1,,Rebike,19/04/2026
Cube,2024.0,1320,3649.0,5799.0,2026.0,April,2.0,37.1,,Rebike,19/04/2026
Cube,2023.0,199,2499.0,4099.0,2026.0,April,3.0,39.0,,Rebike,19/04/2026
Ghost,2022.0,948,2699.0,5163.0,2026.0,April,4.0,47.7,,Rebike,19/04/2026
Haibike,2024.0,1305,3959.0,7999.0,2026.0,April,2.0,50.5,,Rebike,19/04/2026
Orbea,2024.0,987,4499.0,9399.0,2026.0,April,2.0,52.1,,Rebike,19/04/2026
Raymon,2022.0,6100,1759.0,3199.0,2026.0,April,4.0,45.0,,Rebike,19/04/2026
